[
  {
    "baseType": 3,
    "name": "branch",
    "defaultValue": "",
    "description": "",
    "helpText": "",
    "isSystem": false,
    "minLength": 0,
    "maxLength": 200,
    "validationRegex": "",
    "isValidate": false,
    "uuid": "288c494d-3701-4373-a2fd-c264fed02b0e"
  },
  {
    "baseType": 3,
    "name": "build_url",
    "defaultValue": "",
    "description": "",
    "helpText": "",
    "isSystem": false,
    "minLength": 0,
    "maxLength": 200,
    "validationRegex": "",
    "isValidate": false,
    "uuid": "171e6690-176f-4643-a5b1-b195b0d69102"
  },
  {
    "baseType": 3,
    "name": "commit",
    "defaultValue": "",
    "description": "",
    "helpText": "",
    "isSystem": false,
    "minLength": 0,
    "maxLength": 200,
    "validationRegex": "",
    "isValidate": false,
    "uuid": "7980e890-fa96-44f6-9b15-bc6ae4f4a129"
  },
  {
    "baseType": 3,
    "name": "committer_email",
    "defaultValue": "",
    "description": "",
    "helpText": "",
    "isSystem": false,
    "minLength": 0,
    "maxLength": 200,
    "validationRegex": "",
    "isValidate": false,
    "uuid": "5d76fb0d-2088-4294-bbaa-447c904f4b2c"
  },
  {
    "baseType": 3,
    "name": "committer_name",
    "defaultValue": "",
    "description": "",
    "helpText": "",
    "isSystem": false,
    "minLength": 0,
    "maxLength": 200,
    "validationRegex": "",
    "isValidate": false,
    "uuid": "609a870b-f8a3-4313-9820-5ba0b029eea9"
  },
  {
    "baseType": 3,
    "name": "message",
    "defaultValue": "",
    "description": "",
    "helpText": "",
    "isSystem": false,
    "minLength": 0,
    "maxLength": 2000,
    "validationRegex": "",
    "isValidate": false,
    "uuid": "816a6274-c6d6-4a46-8b33-bbfefb6cad96"
  },
  {
    "baseType": 3,
    "name": "state",
    "defaultValue": "",
    "description": "",
    "helpText": "",
    "isSystem": false,
    "minLength": 0,
    "maxLength": 200,
    "validationRegex": "",
    "isValidate": false,
    "uuid": "908b193d-97b6-443c-9bcb-68a82dd51e47"
  },
  {
    "baseType": 3,
    "name": "status_message",
    "defaultValue": "",
    "description": "",
    "helpText": "",
    "isSystem": false,
    "minLength": 0,
    "maxLength": 200,
    "validationRegex": "",
    "isValidate": false,
    "uuid": "c5e7752b-34b3-44cf-927f-354c75488eb4"
  }
]