{
  "name": "Build Status",
  "form": "debf6cf2-f3ef-4c87-8739-3a0ad9786fbf",
  "blocks": [
    {
      "id": "5a14ee42-d114-4bd6-917d-1e1f7076a408",
      "label": "Build Status - Inbound from Travis CI",
      "environment": "HOSTED",
      "presentation": "{\"w\":60,\"x\":0,\"h\":60,\"y\":234}",
      "step": "67c8782c-4033-4a11-94f0-cc0c90222bf5",
      "stepType": "INTEGRATION"
    },
    {
      "id": "ef15ca7d-0104-43bc-9716-5effe0f4dc1b",
      "label": "Create Event - Build Status",
      "environment": "HOSTED",
      "presentation": "{\"w\":60,\"x\":340,\"h\":60,\"y\":319}",
      "step": "debf6cf2-f3ef-4c87-8739-3a0ad9786fbf",
      "stepType": "CREATE_EVENT",
      "inputMappings": [
        {
          "inputPort": "input",
          "mapping": "${5a14ee42-d114-4bd6-917d-1e1f7076a408.state}",
          "sectionItemKey": "908b193d-97b6-443c-9bcb-68a82dd51e47"
        },
        {
          "inputPort": "input",
          "mapping": "${5a14ee42-d114-4bd6-917d-1e1f7076a408.committer_email}",
          "sectionItemKey": "5d76fb0d-2088-4294-bbaa-447c904f4b2c"
        },
        {
          "inputPort": "input",
          "mapping": "${5a14ee42-d114-4bd6-917d-1e1f7076a408.commit}",
          "sectionItemKey": "7980e890-fa96-44f6-9b15-bc6ae4f4a129"
        },
        {
          "inputPort": "input",
          "mapping": "${5a14ee42-d114-4bd6-917d-1e1f7076a408.committer_name}",
          "sectionItemKey": "609a870b-f8a3-4313-9820-5ba0b029eea9"
        },
        {
          "inputPort": "input",
          "mapping": "${5a14ee42-d114-4bd6-917d-1e1f7076a408.message}",
          "sectionItemKey": "816a6274-c6d6-4a46-8b33-bbfefb6cad96"
        },
        {
          "inputPort": "input",
          "mapping": "${5a14ee42-d114-4bd6-917d-1e1f7076a408.status_message}",
          "sectionItemKey": "c5e7752b-34b3-44cf-927f-354c75488eb4"
        },
        {
          "inputPort": "input",
          "mapping": "${5a14ee42-d114-4bd6-917d-1e1f7076a408.branch}",
          "sectionItemKey": "288c494d-3701-4373-a2fd-c264fed02b0e"
        },
        {
          "inputPort": "input",
          "mapping": "${5a14ee42-d114-4bd6-917d-1e1f7076a408.build_url}",
          "sectionItemKey": "171e6690-176f-4643-a5b1-b195b0d69102"
        }
      ]
    },
    {
      "id": "028d059c-4475-4755-b3ae-bf74f6508dfe",
      "label": "Get Events",
      "environment": "HOSTED",
      "presentation": "{\"w\":60,\"x\":340,\"h\":60,\"y\":149}",
      "step": "f36cf6ba-2225-5cb3-831f-030a05527c72",
      "stepType": "SCRIPT_STEP",
      "inputMappings": [
        {
          "inputPort": "input",
          "mapping": "ACTIVE",
          "stepInput": "fa86536b-3508-56de-884b-503596bd64c2"
        },
        {
          "inputPort": "input",
          "mapping": "FALSE",
          "stepInput": "3bb89cc9-b89f-5291-9c54-1da7bc6c051a"
        },
        {
          "inputPort": "input",
          "mapping": "Build Status",
          "stepInput": "a6262279-d10d-5708-a7b9-1734f8c52ec2"
        }
      ]
    },
    {
      "id": "d90da7e2-2248-4bbb-946a-d21476f2f557",
      "label": "Switch",
      "environment": "HOSTED",
      "presentation": "{\"w\":60,\"x\":510,\"h\":60,\"y\":0}",
      "stepType": "SWITCH",
      "inputMappings": [
        {
          "inputPort": "input",
          "mapping": "${028d059c-4475-4755-b3ae-bf74f6508dfe.Total Event Count}"
        }
      ],
      "switchCases": [
        {
          "caseId": "8c8d07cf-66a4-4737-9c71-bdad47cbeaf5",
          "caseValue": "0"
        }
      ]
    },
    {
      "id": "0fe46dfe-6691-4f02-b7a7-5057720f86d3",
      "label": "Switch",
      "environment": "HOSTED",
      "presentation": "{\"w\":60,\"x\":170,\"h\":60,\"y\":85}",
      "stepType": "SWITCH",
      "inputMappings": [
        {
          "inputPort": "input",
          "mapping": "${5a14ee42-d114-4bd6-917d-1e1f7076a408.result}"
        }
      ],
      "switchCases": [
        {
          "caseId": "84e2bef9-c30d-4918-83de-5d4e6f0a913c",
          "caseValue": "0"
        }
      ]
    },
    {
      "id": "39d3bb63-6cf8-4f69-854b-ab8ddb7ac426",
      "label": "Terminate Events",
      "environment": "HOSTED",
      "presentation": "{\"w\":60,\"x\":680,\"h\":60,\"y\":149}",
      "step": "798e3053-b4b4-5e8c-ba84-8a11c3be6237",
      "stepType": "SCRIPT_STEP",
      "inputMappings": [
        {
          "inputPort": "input",
          "mapping": "${028d059c-4475-4755-b3ae-bf74f6508dfe.Event IDs}",
          "stepInput": "4fdf2591-4925-5682-8911-f0163d7f98dd"
        }
      ]
    }
  ],
  "edges": [
    {
      "fromBlock": "d90da7e2-2248-4bbb-946a-d21476f2f557",
      "fromPort": "output",
      "toBlock": "39d3bb63-6cf8-4f69-854b-ab8ddb7ac426",
      "toPort": "input"
    },
    {
      "fromBlock": "028d059c-4475-4755-b3ae-bf74f6508dfe",
      "fromPort": "output",
      "toBlock": "d90da7e2-2248-4bbb-946a-d21476f2f557",
      "toPort": "input"
    },
    {
      "fromBlock": "0fe46dfe-6691-4f02-b7a7-5057720f86d3",
      "fromPort": "output",
      "toBlock": "ef15ca7d-0104-43bc-9716-5effe0f4dc1b",
      "toPort": "input"
    },
    {
      "fromBlock": "0fe46dfe-6691-4f02-b7a7-5057720f86d3",
      "fromPort": "84e2bef9-c30d-4918-83de-5d4e6f0a913c",
      "toBlock": "028d059c-4475-4755-b3ae-bf74f6508dfe",
      "toPort": "input"
    },
    {
      "fromBlock": "5a14ee42-d114-4bd6-917d-1e1f7076a408",
      "fromPort": "output",
      "toBlock": "0fe46dfe-6691-4f02-b7a7-5057720f86d3",
      "toPort": "input"
    }
  ]
}