[
  {
    "id": "bf75bc9b-9f7b-47d7-a472-d751975bcdfc",
    "name": "Inbound from Travis CI",
    "description": "",
    "icon": "https://s3-xmatters-static.s3.amazonaws.com/null/customers/aa4ff4cd-06da-460c-b2d0-bb34ad66da69/IMAGE__20200520211207882__travisci.png",
    "script": "const body = JSON.parse(request.parameters.payload)\nconst headers = request.headers\n\noutput['signature'] = headers.signature\n\n// Set outputs\noutput['type'] = body.type;\noutput['state'] = body.state;\noutput['status'] = body.status;\noutput['result'] = body.result;\noutput['status_message'] = body.status_message;\noutput['result_message'] = body.result_message;\noutput['build_url'] = body.build_url;\noutput['commit'] = body.commit;\noutput['branch'] = body.branch;\noutput['message'] = body.message;\noutput['committer_name'] = body.committer_name;\noutput['committer_email'] = body.committer_email;\noutput['json'] = body;\n\n",
    "allowedEnvironment": "HOSTED",
    "accessibleByAll": "NotShared",
    "triggerAuthType": "URL_AUTH",
    "scriptStepType": "CUSTOM_HTTP",
    "inputs": [],
    "outputs": [
      {
        "id": "e1643ac8-bb03-40f2-940b-63189ed92e24",
        "name": "type",
        "position": 0
      },
      {
        "id": "0cae73f4-0316-426b-960d-aab611cbb530",
        "name": "state",
        "position": 1
      },
      {
        "id": "6f471b59-ac45-4251-b6da-127647ce8157",
        "name": "status",
        "position": 2
      },
      {
        "id": "9eceb309-0625-4e69-acd5-52d71153d348",
        "name": "result",
        "position": 3
      },
      {
        "id": "886566a4-9d4b-4bac-b1ff-d2f79ba6e3b3",
        "name": "status_message",
        "position": 4
      },
      {
        "id": "576b2ac8-222e-48ab-85c8-d1c8af4978dd",
        "name": "result_message",
        "position": 5
      },
      {
        "id": "e76e243e-e7be-411c-be8c-b9de8a3e9913",
        "name": "build_url",
        "position": 6
      },
      {
        "id": "917d69da-dd4e-46a6-b307-17b7294af2ea",
        "name": "commit",
        "position": 7
      },
      {
        "id": "07fb0e37-c45b-4353-8540-c25fda743df3",
        "name": "branch",
        "position": 8
      },
      {
        "id": "6d5a44e5-8b37-47ac-8075-0ab14ac19cb6",
        "name": "message",
        "position": 9
      },
      {
        "id": "4728fde2-f192-4601-9b30-565dced5f397",
        "name": "committer_name",
        "position": 10
      },
      {
        "id": "f72bee75-171d-4515-b19b-978e4217f28f",
        "name": "committer_email",
        "position": 11
      },
      {
        "id": "c0d3b55f-3ef8-4789-a3bd-eff04859f6b5",
        "name": "json",
        "position": 12
      },
      {
        "id": "494c693a-e902-4c76-9f4d-3b267124d99e",
        "name": "signature",
        "position": 13
      }
    ],
    "libraries": []
  }
]